LLM,pass@1,pass@5,pass@10
codellama_synthetic_fixes_outcomes.csv,0.20999999999999996,0.6858036635706914,0.9063110264348655
